{
  "customers": [
    {
      "id": 1,
      "name": "David Chen",
      "company": "CloudScale Technologies",
      "title": "IT Director",
      "email": "david.chen@cloudscale.com",
      "phone": "(555) 111-2233",
      "address": "100 Cloud Plaza, Suite 200\nSeattle, WA 98101",
      "addedDate": "June 5, 2023",
      "notes": "Enterprise cloud migration project. Very satisfied with services.",
      "totalInvoices": 3,
      "totalAmount": 18750,
      "invoices": [
        {
          "number": "INV-2023-008",
          "date": "June 10, 2023",
          "amount": 6250,
          "status": "paid"
        },
        {
          "number": "INV-2023-021",
          "date": "July 8, 2023",
          "amount": 7500,
          "status": "paid"
        },
        {
          "number": "INV-2023-036",
          "date": "August 12, 2023",
          "amount": 5000,
          "status": "paid"
        }
      ]
    },
    {
      "id": 2,
      "name": "Lisa Rodriguez",
      "company": "MediCare Solutions",
      "title": "Finance Manager",
      "email": "l.rodriguez@medicare.com",
      "phone": "(555) 222-3344",
      "address": "250 Healthcare Drive\nMiami, FL 33101",
      "addedDate": "April 18, 2023",
      "notes": "Healthcare provider with multiple locations. Regular billing services.",
      "totalInvoices": 3,
      "totalAmount": 19800,
      "invoices": [
        {
          "number": "INV-2023-003",
          "date": "April 25, 2023",
          "amount": 5400,
          "status": "paid"
        },
        {
          "number": "INV-2023-030",
          "date": "June 30, 2023",
          "amount": 7200,
          "status": "paid"
        },
        {
          "number": "INV-2023-055",
          "date": "August 31, 2023",
          "amount": 7200,
          "status": "pending"
        }
      ]
    },
    {
      "id": 3,
      "name": "James Wilson",
      "company": "EduTech Innovations",
      "title": "CEO",
      "email": "james.w@edutech.com",
      "phone": "(555) 333-4455",
      "address": "500 Campus Boulevard\nBoston, MA 02115",
      "addedDate": "July 22, 2023",
      "notes": "Educational technology startup. Custom LMS development.",
      "totalInvoices": 2,
      "totalAmount": 15600,
      "invoices": [
        {
          "number": "INV-2023-038",
          "date": "July 30, 2023",
          "amount": 7800,
          "status": "paid"
        },
        {
          "number": "INV-2023-049",
          "date": "August 25, 2023",
          "amount": 7800,
          "status": "pending"
        }
      ]
    },
    {
      "id": 4,
      "name": "Maria Garcia",
      "company": "RetailPlus Chain",
      "title": "Operations Director",
      "email": "maria.g@retailplus.com",
      "phone": "(555) 444-5566",
      "address": "750 Commerce Street\nChicago, IL 60605",
      "addedDate": "March 10, 2023",
      "notes": "National retail chain with 50+ locations. POS system integration.",
      "totalInvoices": 3,
      "totalAmount": 18075,
      "invoices": [
        {
          "number": "INV-2023-002",
          "date": "March 15, 2023",
          "amount": 6025,
          "status": "paid"
        },
        {
          "number": "INV-2023-026",
          "date": "May 20, 2023",
          "amount": 6025,
          "status": "paid"
        },
        {
          "number": "INV-2023-060",
          "date": "September 30, 2023",
          "amount": 6025,
          "status": "pending"
        }
      ]
    },
    {
      "id": 5,
      "name": "Thomas Anderson",
      "company": "SecureNet Systems",
      "title": "Security Director",
      "email": "t.anderson@securenetsys.com",
      "phone": "(555) 555-6677",
      "address": "900 Security Plaza, Floor 15\nDenver, CO 80202",
      "addedDate": "May 30, 2023",
      "notes": "Cybersecurity firm. Annual maintenance contract.",
      "totalInvoices": 4,
      "totalAmount": 22713.45,
      "invoices": [
        {
          "number": "INV-2023-012",
          "date": "June 5, 2023",
          "amount": 7225,
          "status": "paid"
        },
        {
          "number": "INV-2023-025",
          "date": "July 7, 2023",
          "amount": 7225,
          "status": "paid"
        },
        {
          "number": "INV-2023-058",
          "date": "September 10, 2023",
          "amount": 7225,
          "status": "pending"
        },
        {
          "number": "INV-0016",
          "date": "2025-11-10",
          "amount": 1038.45,
          "status": "draft"
        }
      ]
    },
    {
      "id": 6,
      "name": "John Smith",
      "company": "Global Tech Inc.",
      "title": "Director of ",
      "email": "john.smith@globaltech.com",
      "phone": "(555) 123-4567992",
      "address": "123 Business Ave, Suite 400\r\nNew York, NY 10001",
      "addedDate": "November 10, 2025",
      "notes": "Converted from lead. Original notes: Interested in enterprise solution. Requested a demo of our premium features.",
      "totalInvoices": 1,
      "totalAmount": 105,
      "invoices": [
        {
          "number": "INV-0015",
          "date": "2025-11-10",
          "amount": 105,
          "status": "draft"
        }
      ]
    }
  ]
}