{
  "leads": [
    {
      "id": 1,
      "name": "John Smith",
      "company": "Global Tech Inc.",
      "title": "Director of ",
      "email": "john.smith@globaltech.com",
      "phone": "(555) 123-4567992",
      "address": "123 Business Ave, Suite 400\r\nNew York, NY 10001",
      "source": "website",
      "status": "won",
      "addedDate": "May 15, 2023",
      "lastContact": "May 18, 2023",
      "industry": "Technology",
      "annualRevenue": "$50M - $100M",
      "notes": "Interested in enterprise solution. Requested a demo of our premium features."
    },
    {
      "id": 2,
      "name": "Sarah Johnson",
      "company": "Prime Solutions",
      "title": "CEO",
      "email": "sarah.j@primesolutions.com",
      "phone": "(555) 987-6543",
      "address": "456 Corporate Blvd\r\nChicago, IL 60601",
      "source": "referral",
      "status": "contacted",
      "addedDate": "May 12, 2023",
      "lastContact": "May 17, 2023",
      "industry": "Consulting",
      "annualRevenue": "$10M - $25M",
      "notes": "Scheduled follow-up call for next week."
    },
    {
      "id": 3,
      "name": "Michael Brown",
      "company": "Innovate Labs",
      "title": "CTO",
      "email": "michael@innovatelabs.com",
      "phone": "(555) 456-7890",
      "address": "789 Tech Park\nSan Francisco, CA 94105",
      "source": "Social Media",
      "status": "proposal",
      "addedDate": "May 10, 2023",
      "lastContact": "May 15, 2023",
      "industry": "Software Development",
      "annualRevenue": "$25M - $50M",
      "notes": "Reviewing pricing options. Sent detailed proposal on May 15th."
    },
    {
      "id": 4,
      "name": "Emily Davis",
      "company": "Tech Partners LLC",
      "title": "VP of Sales",
      "email": "emily.davis@techpartners.com",
      "phone": "(555) 234-5678",
      "address": "321 Enterprise St\nBoston, MA 02108",
      "source": "Website",
      "status": "won",
      "addedDate": "April 28, 2023",
      "lastContact": "May 16, 2023",
      "industry": "Technology Services",
      "annualRevenue": "$100M - $250M",
      "notes": "Signed contract, implementation phase starting next week."
    },
    {
      "id": 5,
      "name": "Robert Wilson",
      "company": "Future Systems",
      "title": "Operations Manager",
      "email": "rwilson@futuresystems.com",
      "phone": "(555) 345-6789",
      "address": "654 Innovation Dr\nAustin, TX 78701",
      "source": "Other",
      "status": "lost",
      "addedDate": "May 5, 2023",
      "lastContact": "May 14, 2023",
      "industry": "IT Infrastructure",
      "annualRevenue": "$40M - $80M",
      "notes": "Went with competitor due to pricing differences."
    },
    {
      "id": 7,
      "name": "Felix Furtado",
      "company": "Stratwings ",
      "title": "sa",
      "email": "darshan@gmail.com",
      "phone": "87283728787382",
      "address": "Mangesi malsa building flat no 2 vijaynagar kajubag karwar\nPOST-CHENDIA IDOOR KARWAR",
      "source": "Social Media",
      "status": "proposal",
      "addedDate": "May 15, 2023",
      "lastContact": "May 18, 2023",
      "industry": "Technology",
      "annualRevenue": "$10M - $25M",
      "notes": "ddaa"
    }
  ]
}